{
  "loss": [
    -0.0015242723730634893,
    -0.0005736152953239901,
    -0.0002499959517872354,
    -0.00019766652761922673,
    -0.00025039547862820027,
    -1.806429021373938e-05,
    -1.5073807123210853e-05,
    4.36435151300187e-05,
    -2.4974033104667592e-05,
    3.8889443585542396e-05,
    6.800538661417586e-05,
    3.384090840104354e-08,
    1.71395787570807e-05,
    3.6504439886329315e-05,
    5.023449017701931e-05,
    6.577300230330912e-05,
    1.853931140093662e-05,
    0.00014897619500859398,
    4.3200048900283894e-05,
    9.23103412615305e-05,
    6.991558249481227e-05,
    1.9708805442616125e-05,
    0.00013927766265523246,
    7.084179397196824e-05,
    8.841621100529824e-05,
    6.607143448758728e-05,
    0.00017587554611188462,
    0.00011139528900601165,
    0.00013145717490679594,
    8.632613239443714e-05,
    0.00015902307307118392,
    0.00011223607646479455,
    0.00015344109782733728,
    0.0001462722346657946,
    5.733541636583317e-05,
    0.00018961207771003976,
    0.00011505191293832538,
    0.0001045859588340002,
    0.00012191923966570076,
    4.81701383351605e-05,
    0.00012672603116622527,
    4.5565172039167046e-05,
    9.261555742787464e-05,
    7.991106170446341e-05,
    7.314737549851905e-05,
    0.00012799613653699982,
    5.070110007990593e-05,
    3.071748898155478e-05,
    0.00010588390621508111,
    0.00011595322169037213,
    8.763568376922807e-05,
    -4.773752460053485e-06,
    6.086271271908354e-05,
    6.603181882499422e-05,
    0.00011065181362126843,
    -7.364811308958172e-06,
    0.0001035604186751343,
    7.950501163104258e-06,
    9.484118609742233e-05,
    9.982635269817057e-05,
    -7.649882101724525e-06,
    0.00010292629722941993,
    1.819542163010212e-06,
    6.023452651071318e-05,
    6.076138636813676e-05,
    6.786293246776366e-05,
    6.271882054644753e-05,
    -1.4310957817106333e-05,
    8.110567777970697e-05,
    5.429338037936716e-05,
    3.645768638132815e-05,
    6.259442684233503e-05,
    3.856216280333346e-05,
    4.993582570023136e-05,
    7.521358494258258e-05,
    3.7321158954372895e-05,
    6.114578933611987e-05,
    2.1214361922655464e-05,
    5.4181287288577654e-05,
    2.7725843676059485e-05
  ],
  "reg_loss": [
    6.59068377817113e-05,
    1.2219233195364936e-05,
    1.1557896773401207e-05,
    1.1749188970672456e-05,
    1.0755373938345637e-05,
    1.0858396205058447e-05,
    1.1199706516082072e-05,
    8.907921175263127e-06,
    1.0259164904659485e-05,
    1.0148903086300047e-05,
    8.974129398061226e-06,
    9.602778922473361e-06,
    1.0134151615038292e-05,
    1.0658483518848548e-05,
    8.925247132718408e-06,
    1.0823729831800073e-05,
    9.290413225550661e-06,
    9.64041685490104e-06,
    8.922102366197775e-06,
    9.108044579663139e-06,
    9.186189225938448e-06,
    1.0038056131725364e-05,
    9.723524543467159e-06,
    9.494432327849983e-06,
    1.0658798404724748e-05,
    9.905428420109085e-06,
    1.0669784088933549e-05,
    9.417237445657264e-06,
    9.079939656788025e-06,
    9.471275041365954e-06,
    1.1757406695506166e-05,
    1.0108023013726818e-05,
    9.662740662211686e-06,
    9.08366844592618e-06,
    9.686474199399821e-06,
    9.580150671022598e-06,
    8.907850872680134e-06,
    1.0825032265058213e-05,
    1.0305198867484509e-05,
    9.719428568144206e-06,
    1.0190398653110234e-05,
    9.389465591037903e-06,
    9.597066060462378e-06,
    9.482902609217416e-06,
    8.978626079733116e-06,
    1.0439377381981355e-05,
    9.085470060635766e-06,
    9.72797267261765e-06,
    1.0142837245807748e-05,
    1.0755000615980433e-05,
    1.0811742337722853e-05,
    1.107544033078669e-05,
    1.0455522122526994e-05,
    1.2342543869695963e-05,
    1.0752631632441838e-05,
    1.2559174563663927e-05,
    1.2201421683122564e-05,
    1.1321893560128809e-05,
    1.2610885294746975e-05,
    1.2447561425251711e-05,
    1.245132663490158e-05,
    1.3608930460137336e-05,
    1.49675908749696e-05,
    1.3079176005897553e-05,
    1.3775930194032956e-05,
    1.4270667400587956e-05,
    1.3716226074486572e-05,
    1.4236462823264408e-05,
    1.6405567918415877e-05,
    1.5267407393570357e-05,
    1.5116406705083776e-05,
    1.561141845105012e-05,
    1.6851872452286826e-05,
    1.5641211983918122e-05,
    1.6410349561600573e-05,
    1.7565355353650445e-05,
    1.7674743588774282e-05,
    1.7418537658186187e-05,
    1.5960320093278238e-05,
    1.783011688635396e-05
  ],
  "cdiv_loss": [
    -0.001590179202436253,
    -0.0005858345280229144,
    -0.00026155384968586966,
    -0.00020941571470400663,
    -0.0002611508531652804,
    -2.8922685485547667e-05,
    -2.6273513444886008e-05,
    3.4735594256304455e-05,
    -3.5233197680144294e-05,
    2.8740542420525667e-05,
    5.9031258048767695e-05,
    -9.568936654678317e-06,
    7.0054252852381925e-06,
    2.5845954377355096e-05,
    4.1309244824505884e-05,
    5.494927294177017e-05,
    9.248898244713114e-06,
    0.00013933577831076987,
    3.427794632707426e-05,
    8.32022980911963e-05,
    6.072939463408549e-05,
    9.67074908303228e-06,
    0.00012955413891751168,
    6.134736116852428e-05,
    7.775741237610865e-05,
    5.616600685286274e-05,
    0.00016520576149936137,
    0.00010197805319560259,
    0.0001223772348250761,
    7.685485654877923e-05,
    0.00014726566713003478,
    0.00010212805291050986,
    0.000143778357550061,
    0.0001371885668600538,
    4.76489441274707e-05,
    0.00018003192801735422,
    0.0001061440622091476,
    9.376092436986525e-05,
    0.00011161404054563271,
    3.845071028381872e-05,
    0.00011653563209763691,
    3.6175706178577405e-05,
    8.30184923535062e-05,
    7.042815925668615e-05,
    6.416874985123224e-05,
    0.00011755675958310152,
    4.161563037317802e-05,
    2.0989516434986502e-05,
    9.574106891206635e-05,
    0.00010519821986383291,
    7.682394095833526e-05,
    -1.5849191570100485e-05,
    5.040719155356216e-05,
    5.3689274821492e-05,
    9.989918278245283e-05,
    -1.992398629343308e-05,
    9.135899603985417e-05,
    -3.371390915944426e-06,
    8.223030151727834e-05,
    8.73787906892133e-05,
    -2.0101208484042556e-05,
    8.931736680127974e-05,
    -1.3148048775953684e-05,
    4.715535011309296e-05,
    4.698545550992057e-05,
    5.3592263501254654e-05,
    4.900259393722073e-05,
    -2.8547421533382062e-05,
    6.470010903324368e-05,
    3.9025975138332244e-05,
    2.1341281309068553e-05,
    4.6983009485005616e-05,
    2.1710291692018034e-05,
    3.429461419627046e-05,
    5.880323667347288e-05,
    1.9755801586841327e-05,
    4.347104619918411e-05,
    3.7958265033000502e-06,
    3.822096740764413e-05,
    9.89572777386024e-06
  ],