{
  "cdiv_loss": [
    -0.19105916989000538,
    -0.27212879023974457,
    -0.30006320868866354,
    -0.34688217504115043,
    -0.40268221007117744,
    -0.4260882135433487,
    -0.4524059499366374,
    -0.45707823732231234,
    -0.48628763081152226,
    -0.5058312167095232,
    -0.5031952925875217,
    -0.5295352845252315,
    -0.5458373691462264,
    -0.5666070565392699,
    -0.5730310950098159,
    -0.5773066357721256,
    -0.6008280666568612,
    -0.5925307779372493,
    -0.611363830445688,
    -0.6106847124763682,
    -0.6258662539192393,
    -0.6398179055769232,
    -0.6320680515675605,
    -0.6501594668702234,
    -0.6540100348146656,
    -0.6717053976240037,
    -0.6667174742191653,
    -0.6721668899813785,
    -0.674078768567194,
    -0.6996370403072502,
    -0.7002754483041884,
    -0.7066376556324053,
    -0.7196332110634333,
    -0.7116904092740409,
    -0.7386587352692326,
    -0.7272617620757863,
    -0.737662875954109,
    -0.7366441790061661,
    -0.7415915169293368,
    -0.7627480535567561,
    -0.7595011327840104,
    -0.7618885236450389,
    -0.7785551706446877,
    -0.7902897867975356,
    -0.7966518273836449,
    -0.786716986306106,
    -0.8063512799106066,
    -0.8199884348277804,
    -0.8284930850886092,
    -0.8328986160362823,
    -0.8304462131065659,
    -0.8667889969258369,
    -0.8679780296132534,
    -0.8787516657310196,
    -0.8747694311262686,
    -0.9136040255993227,
    -0.8995294193678265,
    -0.9411156237879886,
    -0.9346629411359376,
    -0.9406635874434363,
    -0.9512173676792579,
    -0.9395019012161449,
    -0.9883617532404163,
    -0.9927141628687894,
    -0.9977743225761607,
    -1.004368608510947,
    -0.9964317505872702,
    -1.022916351692586,
    -1.029300021219857,
    -1.0315400346924988,
    -1.0429415702819824,
    -1.0546251007273226,
    -1.0482257348072679,
    -1.056063733523405,
    -1.0691999136647092,
    -1.0865545906598055,
    -1.086548695081397,
    -1.0992744708363014,
    -1.0930916221835945,
    -1.100621374347542
  ],
  "real_out": [
    -0.0003695836393133136,
    -0.004870977957108164,
    0.002261530775930497,
    0.006599533849077512,
    -0.004143107237435783,
    0.00275492307669601,
    0.005177375085392519,
    -0.003093145034700349,
    6.880978184245244e-05,
    0.002147666519047999,
    -0.003781405217132142,
    -0.0016944675794375258,
    -0.0017985661883979942,
    -0.001244369148618624,
    0.0025516344548226627,
    0.0071424960477065435,
    -0.007385451087280165,
    0.00047571076536285866,
    -0.0021053466841260185,
    0.00084465989880588,
    -0.0016329825380183402,
    -0.0031610545709646674,
    0.0009578082915336554,
    -0.0005649974769721091,
    0.0015523551448979238,
    -0.002593509469747166,
    -0.001246766256694564,
    0.004802711605672029,
    0.0018756344090687417,
    -0.006845755107653669,
    -0.0011139726496516738,
    0.0028521656736590064,
    -0.0015509465806587022,
    -0.0022066875487636727,
    -0.0011989966895478437,
    -0.00791663324601854,
    -0.001683530377082621,
    0.0033295365356946294,
    0.004714121131367887,
    -0.00614528014041672,
    0.00333217009342028,
    -0.0019726376375257143,
    0.0030608919796922917,
    -0.0010780304004629792,
    -0.002244461331843646,
    -0.0008230443384065116,
    0.0005881622169517523,
    0.0014429514221198669,
    0.0007739120096342544,
    -0.004649173992957118,
    0.0036292524972954127,
    -0.0017330165205691364,
    0.0036666401119643376,
    0.0077850798887636845,
    -0.0026622255026256736,
    -0.003442578655785492,
    0.003933139387046611,
    -0.0029287981208343107,
    -0.006752157023860307,
    -0.003973633055339414,
    0.003120737165047587,
    0.006145969952774953,
    -0.0007258174663536322,
    -0.005206262580814618,
    0.008300310784738653,
    -0.005579435242976569,
    -0.0032474475115525855,
    0.009288659549164998,
    -0.007839516712989233,
    -0.007459135095388452,
    0.00018135526753914884,
    0.00786270017299471,
    -0.0017026920259128548,
    0.01122044413527356,
    0.007510734285829188,
    -0.005750045949546031,
    -0.0026870026147063773,
    0.003316887490793214,
    0.0031595726606518594,
    0.0049030259782094745
  ],
  "fake_out": [
    0.19068958638589592,
    0.26725781303417834,
    0.30232473943806903,
    0.3534817076936553,
    0.3985391036619114,
    0.4288431356979322,
    0.45758332406418234,
    0.45398509351513056,
    0.48635643946973584,
    0.5079788859886459,
    0.49941388489324834,
    0.5278408157674572,
    0.5440388012535965,
    0.5653626888613158,
    0.5755827276012565,
    0.5844491320320323,
    0.5934426135654691,
    0.5930064916610718,
    0.6092584857457801,
    0.6115293683885019,
    0.6242332722567305,
    0.6366568532171129,
    0.6330258597301531,
    0.64959447217893,
    0.6555623910095119,
    0.6691118840929828,
    0.6654707065111474,
    0.676969605156138,
    0.6759544007385834,
    0.6927912823761566,
    0.6991614721998384,
    0.7094898216332062,
    0.7180822634998756,
    0.7094837223427205,
    0.7374597403067576,
    0.719345125216472,
    0.7359793472893631,
    0.739973714080038,
    0.7463056392307523,
    0.7566027724290196,
    0.7628333017795901,
    0.7599158875549896,
    0.7816160615486435,
    0.7892117575754093,
    0.7944073669518097,
    0.785893941981883,
    0.8069394427009776,
    0.8214313863198969,
    0.8292669955688187,
    0.8282494424264643,
    0.8340754644780219,
    0.8650559843341007,
    0.8716446712047239,
    0.886536748348912,
    0.8721072062661376,
    0.9101614469214331,
    0.9034625578530228,
    0.9381868273397035,
    0.9279107798503924,
    0.9366899555242514,
    0.9543381069279924,
    0.9456478704380084,
    0.9876359346546705,
    0.9875079023687146,
    1.0060746307614483,
    0.9987891701203359,
    0.9931843031810809,
    1.0322050157981584,
    1.0214605074894578,
    1.0240808996973159,
    1.0431229238268696,
    1.062487798401072,
    1.0465230489078956,
    1.0672841781302342,
    1.0767106481745272,
    1.0808045441591287,
    1.083861690533312,
    1.1025913576536541,
    1.0962511859362638,
    1.1055243965945667
  ]
}