{
  "loss": [
    -0.40381744319958346,
    -0.663784641510388,
    -0.8288331064842404,
    -0.819752214051513,
    -0.9297984457219334,
    -1.0690937708181614,
    -1.2462055991961758,
    -1.3754969603979765,
    -1.6087574839337802,
    -1.7673506617291903,
    -1.8644925518584912,
    -1.900823602798397,
    -2.0332567892603275,
    -2.0155024462417246,
    -2.0233120844562427,
    -2.1396061199814524,
    -2.135438891107848,
    -2.1878972406834682,
    -2.2496854099891843,
    -2.389789818192342,
    -2.3545012626566613,
    -2.4191666854215836,
    -2.563830254682854,
    -2.54630440842114,
    -2.5461224431930574,
    -2.64122605272956,
    -2.671716567041523,
    -2.7203138525297903,
    -2.724645012223136,
    -2.7442903650849106,
    -2.7431822621237747,
    -2.7483669638887904,
    -2.750779390843438,
    -2.7277227190257642,
    -2.755516186451861,
    -2.7587946406813826,
    -2.7638195059192716,
    -2.7687816645290804,
    -2.769870491678527,
    -2.7701907488328814,
    -2.770474329686114,
    -2.770535220469493,
    -2.7705604272610596,
    -2.7705905839070075,
    -2.7706082680586306,
    -2.7706154287496862,
    -2.7705885606533935,
    -2.7703817775254564,
    -2.770618818462022,
    -2.770633971004852,
    -2.770638919842523,
    -2.770643688214105,
    -2.770644225037174,
    -2.77065035122544,
    -2.77064169037825,
    -2.770639938586302,
    -2.7706546702110435,
    -2.770659127469256,
    -2.7706590100392097,
    -2.7706608731609417
  ],
  "reg_loss": [
    0.2651098054590966,
    0.5164137199235115,
    0.6821227643662678,
    0.6735575054245971,
    0.769869398206536,
    0.8744923191538243,
    1.0541805295801874,
    1.1595479505402702,
    1.3923808910699287,
    1.5387252881837044,
    1.6376385010127574,
    1.6630103209379639,
    1.7919700338896403,
    1.7600367414925906,
    1.7687475950733176,
    1.9005242044737598,
    1.8878920063026932,
    1.9422402740287374,
    1.995704705527088,
    2.1360364656712707,
    2.103688338163819,
    2.1636398397783227,
    2.3054614290753914,
    2.2903069285695743,
    2.287125541457235,
    2.3776954567508657,
    2.41046474330715,
    2.4585274648564712,
    2.4625710378577716,
    2.480589705997947,
    2.479346675405116,
    2.4851636896763782,
    2.48706681184423,
    2.4608565962899216,
    2.4901294708251953,
    2.4903161200379005,
    2.497486703685606,
    2.5073500467515957,
    2.5075077847885425,
    2.507437747170422,
    2.507749520385189,
    2.507789080585244,
    2.507718854875707,
    2.5077632790181172,
    2.507732122437532,
    2.5077657480992235,
    2.507656980933411,
    2.507383966242581,
    2.507732425417219,
    2.5077278009101525,
    2.5077589391899515,
    2.5077314310744883,
    2.507727517756318,
    2.5077198848033,
    2.507706240041932,
    2.507709914433168,
    2.5077466303859945,
    2.5077718610702546,
    2.5077152440288684,
    2.507742090774243
  ],
  "cdiv_loss": [
    -0.6689272504994896,
    -1.1801983655642854,
    -1.5109558715494966,
    -1.4933097192219325,
    -1.699667844691002,
    -1.9435860927679391,
    -2.3003861304285174,
    -2.535044912082046,
    -3.001138374495354,
    -3.3060759506754276,
    -3.502131049312762,
    -3.5638339244988937,
    -3.8252268228957904,
    -3.7755391923095116,
    -3.792059683342224,
    -4.0401303442810645,
    -4.02333091011942,
    -4.130137526404375,
    -4.245390124920843,
    -4.525826287422099,
    -4.458189606412387,
    -4.582806526724972,
    -4.869291683758245,
    -4.836611336990714,
    -4.83324798490447,
    -5.018921509480426,
    -5.082181310348673,
    -5.1788413173862615,
    -5.187216050080908,
    -5.224880071082858,
    -5.222528937528891,
    -5.233530653565169,
    -5.237846202687668,
    -5.188579315315685,
    -5.2456456572770565,
    -5.249110760719283,
    -5.261306209604878,
    -5.2761317112806765,
    -5.277378276467069,
    -5.277628496003303,
    -5.278223850071303,
    -5.278324301054737,
    -5.278279282136767,
    -5.278353862925125,
    -5.2783403904961625,
    -5.27838117684891,
    -5.278245541586805,
    -5.277765743768037,
    -5.278351243879241,
    -5.278361771915005,
    -5.2783978590324745,
    -5.278375119288593,
    -5.2783717427934915,
    -5.27837023602874,
    -5.278347930420182,
    -5.278349853019471,
    -5.2784013005970385,
    -5.278430988539511,
    -5.278374254068078,
    -5.278402963935185
  ],
  "real_out": [
    1.1545173264116542,
    1.8996399516489968,
    2.233070268559812,
    2.217836687559766,
    2.3977014144092226,
    2.5930182054352913,
    2.877514923559323,
    3.054877625853776,
    3.4152979911771664,
    3.6417212191421084,
    3.785768602956841,
    3.8260631973046992,
    4.017984347048599,
    3.979260325177646,
    3.988400104965991,
    4.167610300629378,
    4.150162556023994,
    4.2292786518902155,
    4.305342128281908,
    4.497376899475228,
    4.4527060787306665,
    4.535824486950059,
    4.7286252538278415,
    4.708021649927981,
    4.704034056999028,
    4.828364610163642,
    4.870244091253545,
    4.934146703179203,
    4.939269291566633,
    4.9647457767397105,
    4.962805978779091,
    4.970068011456715,
    4.9729786824061675,
    4.93975027791981,
    4.978160652778804,
    4.979766950424292,
    4.98830410056531,
    4.999244637072468,
    4.999535327781238,
    4.999509623309951,
    4.999864967647138,
    4.999929222725093,
    4.999871923979412,
    4.99992935286402,
    4.999908409647341,
    4.999947013122949,
    4.999844301992388,
    4.999536594602345,
    4.999918737391165,
    4.999922399581877,
    4.999955867653463,
    4.999932242354858,
    4.99992691580929,
    4.999923936847939,
    4.9999096429170065,
    4.999917130988798,
    4.999952439306133,
    4.999981481637528,
    4.99992612379192,
    4.999952978162623
  ],
  "fake_out": [
    0.485590075289628,
    0.7194415875462327,
    0.7221143966925933,
    0.7245269673846678,
    0.6980335707984754,
    0.6494321149549505,
    0.5771287916692843,
    0.5198327130886283,
    0.41415961720208244,
    0.3356452698011134,
    0.28363755528828993,
    0.2622292792178325,
    0.19275752301893825,
    0.20372113204205722,
    0.19634041848229067,
    0.12747995711084623,
    0.1268316477096316,
    0.09914112511053205,
    0.059952004790814445,
    -0.02844937980921665,
    -0.005483522397606993,
    -0.04698204872275848,
    -0.14066642718608063,
    -0.12858968869701567,
    -0.12921393459349045,
    -0.19055690139389114,
    -0.211937211509516,
    -0.24469460912350652,
    -0.24794676804593377,
    -0.26013428730560517,
    -0.25972296208588047,
    -0.26346264385592455,
    -0.26486752866936136,
    -0.2488290454660143,
    -0.2674850061186341,
    -0.2693438113434737,
    -0.2730021173003386,
    -0.27688707973657134,
    -0.2778429541506493,
    -0.27811887097765386,
    -0.2783588836950534,
    -0.27839507775774386,
    -0.27840735688646717,
    -0.27842451234870375,
    -0.27843197271513787,
    -0.27843416169254004,
    -0.27840124594885657,
    -0.2782291545034217,
    -0.27843249390628544,
    -0.27843936286501286,
    -0.2784419880747033,
    -0.27844286505093196,
    -0.27844482253609437,
    -0.2784462899033195,
    -0.2784382850249439,
    -0.2784327161210432,
    -0.2784488654848355,
    -0.27844950092880966,
    -0.278448134851354,
    -0.27844999028421413
  ]
}